ISO code,Country,Variable code,Variable name,2015
ABW,Aruba,emp,Number of persons engaged (in millions),0.046936773
ABW,Aruba,pop,Population (in millions),0.104184
ABW,Aruba,rgdpna,Real GDP at constant 2021 national prices (in mil. 2021US$),4032.470703
AGO,Angola,emp,Number of persons engaged (in millions),12.96023083
AGO,Angola,pop,Population (in millions),28.157798
AGO,Angola,rgdpna,Real GDP at constant 2021 national prices (in mil. 2021US$),236550.7969
AIA,Anguilla,pop,Population (in millions),0.01421
AIA,Anguilla,rgdpna,Real GDP at constant 2021 national prices (in mil. 2021US$),329.0840149
ALB,Albania,emp,Number of persons engaged (in millions),0.984531224
ALB,Albania,pop,Population (in millions),2.898632
ALB,Albania,rgdpna,Real GDP at constant 2021 national prices (in mil. 2021US$),35266.32813
ARE,United Arab Emirates,emp,Number of persons engaged (in millions),5.79295063
ARE,United Arab Emirates,pop,Population (in millions),8.674633
ARE,United Arab Emirates,rgdpna,Real GDP at constant 2021 national prices (in mil. 2021US$),658130.9375
ARG,Argentina,emp,Number of persons engaged (in millions),19.85445023
ARG,Argentina,pop,Population (in millions),43.477012
ARG,Argentina,rgdpna,Real GDP at constant 2021 national prices (in mil. 2021US$),1230329.125
ARM,Armenia,emp,Number of persons engaged (in millions),1.071905375
ARM,Armenia,pop,Population (in millions),2.921177
ARM,Armenia,rgdpna,Real GDP at constant 2021 national prices (in mil. 2021US$),41846.97266
ATG,Antigua and Barbuda,pop,Population (in millions),0.089409
ATG,Antigua and Barbuda,rgdpna,Real GDP at constant 2021 national prices (in mil. 2021US$),2432.978271
AUS,Australia,emp,Number of persons engaged (in millions),12.04787827
AUS,Australia,pop,Population (in millions),23.948002
AUS,Australia,rgdpna,Real GDP at constant 2021 national prices (in mil. 2021US$),1434652.875
AUT,Austria,emp,Number of persons engaged (in millions),4.274085045
AUT,Austria,pop,Population (in millions),8.644039
AUT,Austria,rgdpna,Real GDP at constant 2021 national prices (in mil. 2021US$),516414.1875
AZE,Azerbaijan,emp,Number of persons engaged (in millions),4.741165638
AZE,Azerbaijan,pop,Population (in millions),9.75285
AZE,Azerbaijan,rgdpna,Real GDP at constant 2021 national prices (in mil. 2021US$),195136.0469
BDI,Burundi,emp,Number of persons engaged (in millions),4.66706562
BDI,Burundi,pop,Population (in millions),11.04758
BDI,Burundi,rgdpna,Real GDP at constant 2021 national prices (in mil. 2021US$),10484.59863
BEL,Belgium,emp,Number of persons engaged (in millions),4.607065201
BEL,Belgium,pop,Population (in millions),11.275335
BEL,Belgium,rgdpna,Real GDP at constant 2021 national prices (in mil. 2021US$),593070.1875
BEN,Benin,emp,Number of persons engaged (in millions),3.643776417
BEN,Benin,pop,Population (in millions),11.360681
BEN,Benin,rgdpna,Real GDP at constant 2021 national prices (in mil. 2021US$),32044.91797
BFA,Burkina Faso,emp,Number of persons engaged (in millions),6.118274689
BFA,Burkina Faso,pop,Population (in millions),18.777487
BFA,Burkina Faso,rgdpna,Real GDP at constant 2021 national prices (in mil. 2021US$),36869.28125
BGD,Bangladesh,emp,Number of persons engaged (in millions),59.69651031
BGD,Bangladesh,pop,Population (in millions),159.383179
BGD,Bangladesh,rgdpna,Real GDP at constant 2021 national prices (in mil. 2021US$),824431.75
BGR,Bulgaria,emp,Number of persons engaged (in millions),3.208118916
BGR,Bulgaria,pop,Population (in millions),7.177517
BGR,Bulgaria,rgdpna,Real GDP at constant 2021 national prices (in mil. 2021US$),155443.3281
BHR,Bahrain,emp,Number of persons engaged (in millions),0.731633842
BHR,Bahrain,pop,Population (in millions),1.36965
BHR,Bahrain,rgdpna,Real GDP at constant 2021 national prices (in mil. 2021US$),75758.91406
BHS,Bahamas,emp,Number of persons engaged (in millions),0.188289627
BHS,Bahamas,pop,Population (in millions),0.385346
BHS,Bahamas,rgdpna,Real GDP at constant 2021 national prices (in mil. 2021US$),11496.54004
BIH,Bosnia and Herzegovina,emp,Number of persons engaged (in millions),0.657287538
BIH,Bosnia and Herzegovina,pop,Population (in millions),3.518541
BIH,Bosnia and Herzegovina,rgdpna,Real GDP at constant 2021 national prices (in mil. 2021US$),46440.70703
BLR,Belarus,emp,Number of persons engaged (in millions),4.406383991
BLR,Belarus,pop,Population (in millions),9.487293
BLR,Belarus,rgdpna,Real GDP at constant 2021 national prices (in mil. 2021US$),244186.7656
BLZ,Belize,emp,Number of persons engaged (in millions),0.138686001
BLZ,Belize,pop,Population (in millions),0.356333
BLZ,Belize,rgdpna,Real GDP at constant 2021 national prices (in mil. 2021US$),4143.162598
BMU,Bermuda,emp,Number of persons engaged (in millions),0.035089858
BMU,Bermuda,pop,Population (in millions),0.063464
BMU,Bermuda,rgdpna,Real GDP at constant 2021 national prices (in mil. 2021US$),3951.523926
BOL,Bolivia (Plurinational State of),emp,Number of persons engaged (in millions),5.02957201
BOL,Bolivia (Plurinational State of),pop,Population (in millions),11.014705
BOL,Bolivia (Plurinational State of),rgdpna,Real GDP at constant 2021 national prices (in mil. 2021US$),98821.92969
BRA,Brazil,emp,Number of persons engaged (in millions),92.44721222
BRA,Brazil,pop,Population (in millions),201.675532
BRA,Brazil,rgdpna,Real GDP at constant 2021 national prices (in mil. 2021US$),3588124
BRB,Barbados,emp,Number of persons engaged (in millions),0.128175005
BRB,Barbados,pop,Population (in millions),0.27899
BRB,Barbados,rgdpna,Real GDP at constant 2021 national prices (in mil. 2021US$),3066.662598
BRN,Brunei Darussalam,emp,Number of persons engaged (in millions),0.189473659
BRN,Brunei Darussalam,pop,Population (in millions),0.422212
BRN,Brunei Darussalam,rgdpna,Real GDP at constant 2021 national prices (in mil. 2021US$),36752.64063
BTN,Bhutan,emp,Number of persons engaged (in millions),0.276459873
BTN,Bhutan,pop,Population (in millions),0.740618
BTN,Bhutan,rgdpna,Real GDP at constant 2021 national prices (in mil. 2021US$),9499.762695
BWA,Botswana,emp,Number of persons engaged (in millions),0.891786873
BWA,Botswana,pop,Population (in millions),2.203273
BWA,Botswana,rgdpna,Real GDP at constant 2021 national prices (in mil. 2021US$),33578.31641
CAF,Central African Republic,emp,Number of persons engaged (in millions),1.580413103
CAF,Central African Republic,pop,Population (in millions),4.62932
CAF,Central African Republic,rgdpna,Real GDP at constant 2021 national prices (in mil. 2021US$),4985.868652
CAN,Canada,emp,Number of persons engaged (in millions),18.01225662
CAN,Canada,pop,Population (in millions),35.962234
CAN,Canada,rgdpna,Real GDP at constant 2021 national prices (in mil. 2021US$),1894039.125
CHE,Switzerland,emp,Number of persons engaged (in millions),4.847047806
CHE,Switzerland,pop,Population (in millions),8.283934
CHE,Switzerland,rgdpna,Real GDP at constant 2021 national prices (in mil. 2021US$),693415.5625
CHL,Chile,emp,Number of persons engaged (in millions),7.760435104
CHL,Chile,pop,Population (in millions),18.047625
CHL,Chile,rgdpna,Real GDP at constant 2021 national prices (in mil. 2021US$),447298.2188
CHN,China,emp,Number of persons engaged (in millions),774.4182129
CHN,China,pop,Population (in millions),1396.134174
CHN,China,rgdpna,Real GDP at constant 2021 national prices (in mil. 2021US$),19995438
CIV,Côte d'Ivoire,emp,Number of persons engaged (in millions),9.35782814
CIV,Côte d'Ivoire,pop,Population (in millions),25.246342
CIV,Côte d'Ivoire,rgdpna,Real GDP at constant 2021 national prices (in mil. 2021US$),120615.6875
CMR,Cameroon,emp,Number of persons engaged (in millions),8.860180855
CMR,Cameroon,pop,Population (in millions),22.763414
CMR,Cameroon,rgdpna,Real GDP at constant 2021 national prices (in mil. 2021US$),106515.4297
COD,D.R. of the Congo,emp,Number of persons engaged (in millions),25.95557976
COD,D.R. of the Congo,pop,Population (in millions),81.035531
COD,D.R. of the Congo,rgdpna,Real GDP at constant 2021 national prices (in mil. 2021US$),80785.47656
COG,Congo,emp,Number of persons engaged (in millions),1.730059505
COG,Congo,pop,Population (in millions),5.097581
COG,Congo,rgdpna,Real GDP at constant 2021 national prices (in mil. 2021US$),45143.46094
COL,Colombia,emp,Number of persons engaged (in millions),21.10435486
COL,Colombia,pop,Population (in millions),46.96994
COL,Colombia,rgdpna,Real GDP at constant 2021 national prices (in mil. 2021US$),744066.3125
COM,Comoros,emp,Number of persons engaged (in millions),0.184889674
COM,Comoros,pop,Population (in millions),0.726682
COM,Comoros,rgdpna,Real GDP at constant 2021 national prices (in mil. 2021US$),2313.842041
CPV,Cabo Verde,emp,Number of persons engaged (in millions),0.193183899
CPV,Cabo Verde,pop,Population (in millions),0.512394
CPV,Cabo Verde,rgdpna,Real GDP at constant 2021 national prices (in mil. 2021US$),4130.661133
CRI,Costa Rica,emp,Number of persons engaged (in millions),2.106851101
CRI,Costa Rica,pop,Population (in millions),4.818038
CRI,Costa Rica,rgdpna,Real GDP at constant 2021 national prices (in mil. 2021US$),102143.0781
CUW,Curaçao,emp,Number of persons engaged (in millions),0.061822999
CUW,Curaçao,pop,Population (in millions),0.166612
CUW,Curaçao,rgdpna,Real GDP at constant 2021 national prices (in mil. 2021US$),4708.661133
CYM,Cayman Islands,emp,Number of persons engaged (in millions),0.043185607
CYM,Cayman Islands,pop,Population (in millions),0.061642
CYM,Cayman Islands,rgdpna,Real GDP at constant 2021 national prices (in mil. 2021US$),3947.585449
CYP,Cyprus,emp,Number of persons engaged (in millions),0.310780406
CYP,Cyprus,pop,Population (in millions),0.8477
CYP,Cyprus,rgdpna,Real GDP at constant 2021 national prices (in mil. 2021US$),23701.9668
CZE,Czechia,emp,Number of persons engaged (in millions),5.210157871
CZE,Czechia,pop,Population (in millions),10.524416
CZE,Czechia,rgdpna,Real GDP at constant 2021 national prices (in mil. 2021US$),415984.5313
DEU,Germany,emp,Number of persons engaged (in millions),43.34980774
DEU,Germany,pop,Population (in millions),82.07755
DEU,Germany,rgdpna,Real GDP at constant 2021 national prices (in mil. 2021US$),4727565
DJI,Djibouti,emp,Number of persons engaged (in millions),0.161814079
DJI,Djibouti,pop,Population (in millions),1.020313
DJI,Djibouti,rgdpna,Real GDP at constant 2021 national prices (in mil. 2021US$),5032.133789
DMA,Dominica,pop,Population (in millions),0.07041
DMA,Dominica,rgdpna,Real GDP at constant 2021 national prices (in mil. 2021US$),1049.473389
DNK,Denmark,emp,Number of persons engaged (in millions),2.827409267
DNK,Denmark,pop,Population (in millions),5.683701
DNK,Denmark,rgdpna,Real GDP at constant 2021 national prices (in mil. 2021US$),328243.5
DOM,Dominican Republic,emp,Number of persons engaged (in millions),4.578388214
DOM,Dominican Republic,pop,Population (in millions),10.434829
DOM,Dominican Republic,rgdpna,Real GDP at constant 2021 national prices (in mil. 2021US$),186276.5938
DZA,Algeria,emp,Number of persons engaged (in millions),10.69383144
DZA,Algeria,pop,Population (in millions),40.019529
DZA,Algeria,rgdpna,Real GDP at constant 2021 national prices (in mil. 2021US$),521210.375
ECU,Ecuador,emp,Number of persons engaged (in millions),7.665237427
ECU,Ecuador,pop,Population (in millions),16.266225
ECU,Ecuador,rgdpna,Real GDP at constant 2021 national prices (in mil. 2021US$),226424.8594
EGY,Egypt,emp,Number of persons engaged (in millions),24.76024246
EGY,Egypt,pop,Population (in millions),99.597342
EGY,Egypt,rgdpna,Real GDP at constant 2021 national prices (in mil. 2021US$),1386683.25
ESP,Spain,emp,Number of persons engaged (in millions),18.50165558
ESP,Spain,pop,Population (in millions),46.683686
ESP,Spain,rgdpna,Real GDP at constant 2021 national prices (in mil. 2021US$),1908748.5
EST,Estonia,emp,Number of persons engaged (in millions),0.624189615
EST,Estonia,pop,Population (in millions),1.314576
EST,Estonia,rgdpna,Real GDP at constant 2021 national prices (in mil. 2021US$),45237.35547
ETH,Ethiopia,emp,Number of persons engaged (in millions),47.35121155
ETH,Ethiopia,pop,Population (in millions),103.867135
ETH,Ethiopia,rgdpna,Real GDP at constant 2021 national prices (in mil. 2021US$),229277.9531
FIN,Finland,emp,Number of persons engaged (in millions),2.517626524
FIN,Finland,pop,Population (in millions),5.479717
FIN,Finland,rgdpna,Real GDP at constant 2021 national prices (in mil. 2021US$),268326.9063
FJI,Fiji,emp,Number of persons engaged (in millions),0.321269959
FJI,Fiji,pop,Population (in millions),0.918578
FJI,Fiji,rgdpna,Real GDP at constant 2021 national prices (in mil. 2021US$),11055.52441
FRA,France,emp,Number of persons engaged (in millions),27.8431263
FRA,France,pop,Population (in millions),67.080971
FRA,France,rgdpna,Real GDP at constant 2021 national prices (in mil. 2021US$),3245458.75
GAB,Gabon,emp,Number of persons engaged (in millions),0.555013597
GAB,Gabon,pop,Population (in millions),2.040989
GAB,Gabon,rgdpna,Real GDP at constant 2021 national prices (in mil. 2021US$),42854.76172
GBR,United Kingdom,emp,Number of persons engaged (in millions),31.30558205
GBR,United Kingdom,pop,Population (in millions),65.38211
GBR,United Kingdom,rgdpna,Real GDP at constant 2021 national prices (in mil. 2021US$),3169671.75
GEO,Georgia,emp,Number of persons engaged (in millions),0.999209702
GEO,Georgia,pop,Population (in millions),3.791573
GEO,Georgia,rgdpna,Real GDP at constant 2021 national prices (in mil. 2021US$),60819.74219
GHA,Ghana,emp,Number of persons engaged (in millions),11.6732254
GHA,Ghana,pop,Population (in millions),28.696068
GHA,Ghana,rgdpna,Real GDP at constant 2021 national prices (in mil. 2021US$),149486.4375
GIN,Guinea,emp,Number of persons engaged (in millions),2.879272461
GIN,Guinea,pop,Population (in millions),11.76707
GIN,Guinea,rgdpna,Real GDP at constant 2021 national prices (in mil. 2021US$),30195.31445
GMB,Gambia,emp,Number of persons engaged (in millions),0.626303911
GMB,Gambia,pop,Population (in millions),2.224529
GMB,Gambia,rgdpna,Real GDP at constant 2021 national prices (in mil. 2021US$),5464.061035
GNB,Guinea-Bissau,emp,Number of persons engaged (in millions),0.482975602
GNB,Guinea-Bissau,pop,Population (in millions),1.786457
GNB,Guinea-Bissau,rgdpna,Real GDP at constant 2021 national prices (in mil. 2021US$),3528.894287
GNQ,Equatorial Guinea,emp,Number of persons engaged (in millions),0.456620216
GNQ,Equatorial Guinea,pop,Population (in millions),1.453923
GNQ,Equatorial Guinea,rgdpna,Real GDP at constant 2021 national prices (in mil. 2021US$),48218.37891
GRC,Greece,emp,Number of persons engaged (in millions),4.351242065
GRC,Greece,pop,Population (in millions),10.820903
GRC,Greece,rgdpna,Real GDP at constant 2021 national prices (in mil. 2021US$),305377.6563
GRD,Grenada,emp,Number of persons engaged (in millions),0.038248017
GRD,Grenada,pop,Population (in millions),0.114676
GRD,Grenada,rgdpna,Real GDP at constant 2021 national prices (in mil. 2021US$),1593.705811
GTM,Guatemala,emp,Number of persons engaged (in millions),6.216906071
GTM,Guatemala,pop,Population (in millions),15.971743
GTM,Guatemala,rgdpna,Real GDP at constant 2021 national prices (in mil. 2021US$),169343.7813
GUY,Guyana,emp,Number of persons engaged (in millions),0.2426835
GUY,Guyana,pop,Population (in millions),0.758781
GUY,Guyana,rgdpna,Real GDP at constant 2021 national prices (in mil. 2021US$),8350.642578
HKG,"China, Hong Kong SAR",emp,Number of persons engaged (in millions),3.89204073
HKG,"China, Hong Kong SAR",pop,Population (in millions),7.366409
HKG,"China, Hong Kong SAR",rgdpna,Real GDP at constant 2021 national prices (in mil. 2021US$),412431.625
HND,Honduras,emp,Number of persons engaged (in millions),3.476282835
HND,Honduras,pop,Population (in millions),9.237305
HND,Honduras,rgdpna,Real GDP at constant 2021 national prices (in mil. 2021US$),53745.60938
HRV,Croatia,emp,Number of persons engaged (in millions),1.600935221
HRV,Croatia,pop,Population (in millions),4.183729
HRV,Croatia,rgdpna,Real GDP at constant 2021 national prices (in mil. 2021US$),111821.3672
HTI,Haiti,emp,Number of persons engaged (in millions),4.136488438
HTI,Haiti,pop,Population (in millions),10.523242
HTI,Haiti,rgdpna,Real GDP at constant 2021 national prices (in mil. 2021US$),35982.98047
HUN,Hungary,emp,Number of persons engaged (in millions),4.318235397
HUN,Hungary,pop,Population (in millions),9.839211
HUN,Hungary,rgdpna,Real GDP at constant 2021 national prices (in mil. 2021US$),273377.8438
IDN,Indonesia,emp,Number of persons engaged (in millions),117.8330002
IDN,Indonesia,pop,Population (in millions),261.799249
IDN,Indonesia,rgdpna,Real GDP at constant 2021 national prices (in mil. 2021US$),2774776.5
IND,India,emp,Number of persons engaged (in millions),482.700531
IND,India,pop,Population (in millions),1328.024498
IND,India,rgdpna,Real GDP at constant 2021 national prices (in mil. 2021US$),8789849
IRL,Ireland,emp,Number of persons engaged (in millions),2.05508256
IRL,Ireland,pop,Population (in millions),4.702487
IRL,Ireland,rgdpna,Real GDP at constant 2021 national prices (in mil. 2021US$),437829.5938
IRN,Iran (Islamic Republic of),emp,Number of persons engaged (in millions),24.70682526
IRN,Iran (Islamic Republic of),pop,Population (in millions),82.619362
IRN,Iran (Islamic Republic of),rgdpna,Real GDP at constant 2021 national prices (in mil. 2021US$),1119093.625
IRQ,Iraq,emp,Number of persons engaged (in millions),9.309058189
IRQ,Iraq,pop,Population (in millions),37.560535
IRQ,Iraq,rgdpna,Real GDP at constant 2021 national prices (in mil. 2021US$),540748.25
ISL,Iceland,emp,Number of persons engaged (in millions),0.184117228
ISL,Iceland,pop,Population (in millions),0.330952
ISL,Iceland,rgdpna,Real GDP at constant 2021 national prices (in mil. 2021US$),18130.00586
ISR,Israel,emp,Number of persons engaged (in millions),3.938034773
ISR,Israel,pop,Population (in millions),8.052908
ISR,Israel,rgdpna,Real GDP at constant 2021 national prices (in mil. 2021US$),293437.0938
ITA,Italy,emp,Number of persons engaged (in millions),24.43251419
ITA,Italy,pop,Population (in millions),60.575316
ITA,Italy,rgdpna,Real GDP at constant 2021 national prices (in mil. 2021US$),2756113.75
JAM,Jamaica,emp,Number of persons engaged (in millions),1.138774991
JAM,Jamaica,pop,Population (in millions),2.802534
JAM,Jamaica,rgdpna,Real GDP at constant 2021 national prices (in mil. 2021US$),26484.30469
JOR,Jordan,emp,Number of persons engaged (in millions),2.045181513
JOR,Jordan,pop,Population (in millions),9.544729
JOR,Jordan,rgdpna,Real GDP at constant 2021 national prices (in mil. 2021US$),97496.28906
JPN,Japan,emp,Number of persons engaged (in millions),64.16387939
JPN,Japan,pop,Population (in millions),127.275872
JPN,Japan,rgdpna,Real GDP at constant 2021 national prices (in mil. 2021US$),5329660
KAZ,Kazakhstan,emp,Number of persons engaged (in millions),8.621945381
KAZ,Kazakhstan,pop,Population (in millions),18.084169
KAZ,Kazakhstan,rgdpna,Real GDP at constant 2021 national prices (in mil. 2021US$),527771.875
KEN,Kenya,emp,Number of persons engaged (in millions),18.12006569
KEN,Kenya,pop,Population (in millions),47.088526
KEN,Kenya,rgdpna,Real GDP at constant 2021 national prices (in mil. 2021US$),220755.6094
KGZ,Kyrgyzstan,emp,Number of persons engaged (in millions),2.549462795
KGZ,Kyrgyzstan,pop,Population (in millions),6.001882
KGZ,Kyrgyzstan,rgdpna,Real GDP at constant 2021 national prices (in mil. 2021US$),38599.58984
KHM,Cambodia,emp,Number of persons engaged (in millions),7.709066391
KHM,Cambodia,pop,Population (in millions),15.623251
KHM,Cambodia,rgdpna,Real GDP at constant 2021 national prices (in mil. 2021US$),74879.35156
KNA,Saint Kitts and Nevis,pop,Population (in millions),0.047087
KNA,Saint Kitts and Nevis,rgdpna,Real GDP at constant 2021 national prices (in mil. 2021US$),1133.114746
KOR,Republic of Korea,emp,Number of persons engaged (in millions),26.24760056
KOR,Republic of Korea,pop,Population (in millions),50.983912
KOR,Republic of Korea,rgdpna,Real GDP at constant 2021 national prices (in mil. 2021US$),2389292.25
KWT,Kuwait,emp,Number of persons engaged (in millions),2.212445259
KWT,Kuwait,pop,Population (in millions),3.834454
KWT,Kuwait,rgdpna,Real GDP at constant 2021 national prices (in mil. 2021US$),255131.5781
LAO,Lao People's DR,emp,Number of persons engaged (in millions),3.334959745
LAO,Lao People's DR,pop,Population (in millions),6.801645
LAO,Lao People's DR,rgdpna,Real GDP at constant 2021 national prices (in mil. 2021US$),42144.88672
LBN,Lebanon,emp,Number of persons engaged (in millions),2.314346552
LBN,Lebanon,pop,Population (in millions),6.472469
LBN,Lebanon,rgdpna,Real GDP at constant 2021 national prices (in mil. 2021US$),103250.6172
LBR,Liberia,emp,Number of persons engaged (in millions),0.980292141
LBR,Liberia,pop,Population (in millions),4.659431
LBR,Liberia,rgdpna,Real GDP at constant 2021 national prices (in mil. 2021US$),8659.53418
LCA,Saint Lucia,emp,Number of persons engaged (in millions),0.077152275
LCA,Saint Lucia,pop,Population (in millions),0.174905
LCA,Saint Lucia,rgdpna,Real GDP at constant 2021 national prices (in mil. 2021US$),3666.246826
LKA,Sri Lanka,emp,Number of persons engaged (in millions),7.831000805
LKA,Sri Lanka,pop,Population (in millions),21.729971
LKA,Sri Lanka,rgdpna,Real GDP at constant 2021 national prices (in mil. 2021US$),284900.9688
LSO,Lesotho,emp,Number of persons engaged (in millions),0.463053167
LSO,Lesotho,pop,Population (in millions),2.104611
LSO,Lesotho,rgdpna,Real GDP at constant 2021 national prices (in mil. 2021US$),5641.001465
LTU,Lithuania,emp,Number of persons engaged (in millions),1.382862568
LTU,Lithuania,pop,Population (in millions),2.905764
LTU,Lithuania,rgdpna,Real GDP at constant 2021 national prices (in mil. 2021US$),92756.57813
LUX,Luxembourg,emp,Number of persons engaged (in millions),0.405037999
LUX,Luxembourg,pop,Population (in millions),0.569536
LUX,Luxembourg,rgdpna,Real GDP at constant 2021 national prices (in mil. 2021US$),55225.03906
LVA,Latvia,emp,Number of persons engaged (in millions),0.890718937
LVA,Latvia,pop,Population (in millions),1.977867
LVA,Latvia,rgdpna,Real GDP at constant 2021 national prices (in mil. 2021US$),54718.07813
MAC,"China, Macao SAR",emp,Number of persons engaged (in millions),0.396699995
MAC,"China, Macao SAR",pop,Population (in millions),0.622179
MAC,"China, Macao SAR",rgdpna,Real GDP at constant 2021 national prices (in mil. 2021US$),45273.25
MAR,Morocco,emp,Number of persons engaged (in millions),11.21736526
MAR,Morocco,pop,Population (in millions),34.607588
MAR,Morocco,rgdpna,Real GDP at constant 2021 national prices (in mil. 2021US$),289891
MDA,Republic of Moldova,emp,Number of persons engaged (in millions),1.093583822
MDA,Republic of Moldova,pop,Population (in millions),3.287164
MDA,Republic of Moldova,rgdpna,Real GDP at constant 2021 national prices (in mil. 2021US$),37330.57422
MDG,Madagascar,emp,Number of persons engaged (in millions),13.31743431
MDG,Madagascar,pop,Population (in millions),25.426702
MDG,Madagascar,rgdpna,Real GDP at constant 2021 national prices (in mil. 2021US$),41574.52734
MDV,Maldives,emp,Number of persons engaged (in millions),0.217153355
MDV,Maldives,pop,Population (in millions),0.428154
MDV,Maldives,rgdpna,Real GDP at constant 2021 national prices (in mil. 2021US$),8266.067383
MEX,Mexico,emp,Number of persons engaged (in millions),50.61133194
MEX,Mexico,pop,Population (in millions),121.072306
MEX,Mexico,rgdpna,Real GDP at constant 2021 national prices (in mil. 2021US$),2452705.25
MKD,North Macedonia,emp,Number of persons engaged (in millions),0.807925224
MKD,North Macedonia,pop,Population (in millions),1.980366
MKD,North Macedonia,rgdpna,Real GDP at constant 2021 national prices (in mil. 2021US$),35776.61719
MLI,Mali,emp,Number of persons engaged (in millions),5.823878765
MLI,Mali,pop,Population (in millions),18.593022
MLI,Mali,rgdpna,Real GDP at constant 2021 national prices (in mil. 2021US$),37193.99219
MLT,Malta,emp,Number of persons engaged (in millions),0.203295112
MLT,Malta,pop,Population (in millions),0.444981
MLT,Malta,rgdpna,Real GDP at constant 2021 national prices (in mil. 2021US$),16858.53711
MMR,Myanmar,emp,Number of persons engaged (in millions),21.70029831
MMR,Myanmar,pop,Population (in millions),51.089056
MMR,Myanmar,rgdpna,Real GDP at constant 2021 national prices (in mil. 2021US$),354552.875
MNE,Montenegro,emp,Number of persons engaged (in millions),0.221700996
MNE,Montenegro,pop,Population (in millions),0.628145
MNE,Montenegro,rgdpna,Real GDP at constant 2021 national prices (in mil. 2021US$),13125.62988
MNG,Mongolia,emp,Number of persons engaged (in millions),1.25723362
MNG,Mongolia,pop,Population (in millions),2.976526
MNG,Mongolia,rgdpna,Real GDP at constant 2021 national prices (in mil. 2021US$),36839.45703
MOZ,Mozambique,emp,Number of persons engaged (in millions),9.804249763
MOZ,Mozambique,pop,Population (in millions),26.547572
MOZ,Mozambique,rgdpna,Real GDP at constant 2021 national prices (in mil. 2021US$),40354.25
MRT,Mauritania,emp,Number of persons engaged (in millions),0.843937814
MRT,Mauritania,pop,Population (in millions),3.965959
MRT,Mauritania,rgdpna,Real GDP at constant 2021 national prices (in mil. 2021US$),22218.19727
MSR,Montserrat,emp,Number of persons engaged (in millions),0.002461514
MSR,Montserrat,pop,Population (in millions),0.004673
MSR,Montserrat,rgdpna,Real GDP at constant 2021 national prices (in mil. 2021US$),81.42712402
MUS,Mauritius,emp,Number of persons engaged (in millions),0.557336748
MUS,Mauritius,pop,Population (in millions),1.292275
MUS,Mauritius,rgdpna,Real GDP at constant 2021 national prices (in mil. 2021US$),29296.11914
MWI,Malawi,emp,Number of persons engaged (in millions),5.301486969
MWI,Malawi,pop,Population (in millions),17.085587
MWI,Malawi,rgdpna,Real GDP at constant 2021 national prices (in mil. 2021US$),26387.69531
MYS,Malaysia,emp,Number of persons engaged (in millions),14.06599903
MYS,Malaysia,pop,Population (in millions),31.232798
MYS,Malaysia,rgdpna,Real GDP at constant 2021 national prices (in mil. 2021US$),796288.5625
NAM,Namibia,emp,Number of persons engaged (in millions),0.692322016
NAM,Namibia,pop,Population (in millions),2.3743
NAM,Namibia,rgdpna,Real GDP at constant 2021 national prices (in mil. 2021US$),27835.2168
NER,Niger,emp,Number of persons engaged (in millions),7.781834126
NER,Niger,pop,Population (in millions),19.939498
NER,Niger,rgdpna,Real GDP at constant 2021 national prices (in mil. 2021US$),28445.16211
NGA,Nigeria,emp,Number of persons engaged (in millions),63.41210938
NGA,Nigeria,pop,Population (in millions),190.671878
NGA,Nigeria,rgdpna,Real GDP at constant 2021 national prices (in mil. 2021US$),1059168.75
NIC,Nicaragua,emp,Number of persons engaged (in millions),2.549608231
NIC,Nicaragua,pop,Population (in millions),6.149417
NIC,Nicaragua,rgdpna,Real GDP at constant 2021 national prices (in mil. 2021US$),41820.84766
NLD,Netherlands,emp,Number of persons engaged (in millions),8.86274147
NLD,Netherlands,pop,Population (in millions),17.107433
NLD,Netherlands,rgdpna,Real GDP at constant 2021 national prices (in mil. 2021US$),1068009.125
NOR,Norway,emp,Number of persons engaged (in millions),2.709238529
NOR,Norway,pop,Population (in millions),5.189771
NOR,Norway,rgdpna,Real GDP at constant 2021 national prices (in mil. 2021US$),487277.4688
NPL,Nepal,emp,Number of persons engaged (in millions),13.60133839
NPL,Nepal,pop,Population (in millions),27.823629
NPL,Nepal,rgdpna,Real GDP at constant 2021 national prices (in mil. 2021US$),110057.875
NZL,New Zealand,emp,Number of persons engaged (in millions),2.341098547
NZL,New Zealand,pop,Population (in millions),4.614029
NZL,New Zealand,rgdpna,Real GDP at constant 2021 national prices (in mil. 2021US$),193688.4531
OMN,Oman,emp,Number of persons engaged (in millions),2.815899611
OMN,Oman,pop,Population (in millions),4.184895
OMN,Oman,rgdpna,Real GDP at constant 2021 national prices (in mil. 2021US$),192342.5
PAK,Pakistan,emp,Number of persons engaged (in millions),57.41999817
PAK,Pakistan,pop,Population (in millions),217.290883
PAK,Pakistan,rgdpna,Real GDP at constant 2021 national prices (in mil. 2021US$),1035536.125
PAN,Panama,emp,Number of persons engaged (in millions),1.733528972
PAN,Panama,pop,Population (in millions),3.960035
PAN,Panama,rgdpna,Real GDP at constant 2021 national prices (in mil. 2021US$),119230.9688
PER,Peru,emp,Number of persons engaged (in millions),15.88775158
PER,Peru,pop,Population (in millions),30.4576
PER,Peru,rgdpna,Real GDP at constant 2021 national prices (in mil. 2021US$),418174.9688
PHL,Philippines,emp,Number of persons engaged (in millions),38.74100113
PHL,Philippines,pop,Population (in millions),105.312992
PHL,Philippines,rgdpna,Real GDP at constant 2021 national prices (in mil. 2021US$),825329.6875
POL,Poland,emp,Number of persons engaged (in millions),16.05239868
POL,Poland,pop,Population (in millions),38.266314
POL,Poland,rgdpna,Real GDP at constant 2021 national prices (in mil. 2021US$),1156210.875
PRT,Portugal,emp,Number of persons engaged (in millions),4.613646984
PRT,Portugal,pop,Population (in millions),10.370267
PRT,Portugal,rgdpna,Real GDP at constant 2021 national prices (in mil. 2021US$),321687.5313
PRY,Paraguay,emp,Number of persons engaged (in millions),2.507823467
PRY,Paraguay,pop,Population (in millions),6.159103
PRY,Paraguay,rgdpna,Real GDP at constant 2021 national prices (in mil. 2021US$),85642.41406
PSE,State of Palestine,emp,Number of persons engaged (in millions),0.908801317
PSE,State of Palestine,pop,Population (in millions),4.521565
PSE,State of Palestine,rgdpna,Real GDP at constant 2021 national prices (in mil. 2021US$),35038.28125
QAT,Qatar,emp,Number of persons engaged (in millions),1.939715743
QAT,Qatar,pop,Population (in millions),2.427331
QAT,Qatar,rgdpna,Real GDP at constant 2021 national prices (in mil. 2021US$),322996.0313
ROU,Romania,emp,Number of persons engaged (in millions),8.535386086
ROU,Romania,pop,Population (in millions),19.871019
ROU,Romania,rgdpna,Real GDP at constant 2021 national prices (in mil. 2021US$),499734.2813
RUS,Russian Federation,emp,Number of persons engaged (in millions),71.77928925
RUS,Russian Federation,pop,Population (in millions),145.307616
RUS,Russian Federation,rgdpna,Real GDP at constant 2021 national prices (in mil. 2021US$),4986515.5
RWA,Rwanda,emp,Number of persons engaged (in millions),4.457114697
RWA,Rwanda,pop,Population (in millions),11.640022
RWA,Rwanda,rgdpna,Real GDP at constant 2021 national prices (in mil. 2021US$),26525.7168
SAU,Saudi Arabia,emp,Number of persons engaged (in millions),11.07775402
SAU,Saudi Arabia,pop,Population (in millions),29.974938
SAU,Saudi Arabia,rgdpna,Real GDP at constant 2021 national prices (in mil. 2021US$),1723534.625
SDN,Sudan,emp,Number of persons engaged (in millions),9.053249359
SDN,Sudan,pop,Population (in millions),40.024431
SDN,Sudan,rgdpna,Real GDP at constant 2021 national prices (in mil. 2021US$),139543.1563
SEN,Senegal,emp,Number of persons engaged (in millions),5.364370346
SEN,Senegal,pop,Population (in millions),14.593331
SEN,Senegal,rgdpna,Real GDP at constant 2021 national prices (in mil. 2021US$),49994.82031
SGP,Singapore,emp,Number of persons engaged (in millions),3.65549016
SGP,Singapore,pop,Population (in millions),5.52534
SGP,Singapore,rgdpna,Real GDP at constant 2021 national prices (in mil. 2021US$),485530.5938
SLE,Sierra Leone,emp,Number of persons engaged (in millions),2.497452259
SLE,Sierra Leone,pop,Population (in millions),7.037655
SLE,Sierra Leone,rgdpna,Real GDP at constant 2021 national prices (in mil. 2021US$),12388.41016
SLV,El Salvador,emp,Number of persons engaged (in millions),2.755528927
SLV,El Salvador,pop,Population (in millions),6.183676
SLV,El Salvador,rgdpna,Real GDP at constant 2021 national prices (in mil. 2021US$),59321.46484
SOM,Somalia,emp,Number of persons engaged (in millions),2.016513824
SOM,Somalia,pop,Population (in millions),13.806963
SOM,Somalia,rgdpna,Real GDP at constant 2021 national prices (in mil. 2021US$),17638.95117
SRB,Serbia,emp,Number of persons engaged (in millions),2.579560995
SRB,Serbia,pop,Population (in millions),7.177253
SRB,Serbia,rgdpna,Real GDP at constant 2021 national prices (in mil. 2021US$),115374.8125
SSD,South Sudan,emp,Number of persons engaged (in millions),3.436649323
SSD,South Sudan,pop,Population (in millions),11.107561
SSD,South Sudan,rgdpna,Real GDP at constant 2021 national prices (in mil. 2021US$),10871.70898
STP,Sao Tome and Principe,emp,Number of persons engaged (in millions),0.05951985
STP,Sao Tome and Principe,pop,Population (in millions),0.200291
STP,Sao Tome and Principe,rgdpna,Real GDP at constant 2021 national prices (in mil. 2021US$),1194.516113
SUR,Suriname,emp,Number of persons engaged (in millions),0.208314881
SUR,Suriname,pop,Population (in millions),0.581627
SUR,Suriname,rgdpna,Real GDP at constant 2021 national prices (in mil. 2021US$),11879.99219
SVK,Slovakia,emp,Number of persons engaged (in millions),2.281244755
SVK,Slovakia,pop,Population (in millions),5.420278
SVK,Slovakia,rgdpna,Real GDP at constant 2021 national prices (in mil. 2021US$),152040.625
SVN,Slovenia,emp,Number of persons engaged (in millions),0.935901582
SVN,Slovenia,pop,Population (in millions),2.059947
SVN,Slovenia,rgdpna,Real GDP at constant 2021 national prices (in mil. 2021US$),70071.14063
SWE,Sweden,emp,Number of persons engaged (in millions),4.879299164
SWE,Sweden,pop,Population (in millions),9.799481
SWE,Sweden,rgdpna,Real GDP at constant 2021 national prices (in mil. 2021US$),553360.75
SWZ,Eswatini,emp,Number of persons engaged (in millions),0.287059307
SWZ,Eswatini,pop,Population (in millions),1.142813
SWZ,Eswatini,rgdpna,Real GDP at constant 2021 national prices (in mil. 2021US$),9691.924805
SXM,Sint Maarten (Dutch part),pop,Population (in millions),0.037471
SXM,Sint Maarten (Dutch part),rgdpna,Real GDP at constant 2021 national prices (in mil. 2021US$),1993.426025
SYC,Seychelles,emp,Number of persons engaged (in millions),0.049834073
SYC,Seychelles,pop,Population (in millions),0.10723
SYC,Seychelles,rgdpna,Real GDP at constant 2021 national prices (in mil. 2021US$),1919.689697
SYR,Syrian Arab Republic,emp,Number of persons engaged (in millions),3.944432497
SYR,Syrian Arab Republic,pop,Population (in millions),19.424618
SYR,Syrian Arab Republic,rgdpna,Real GDP at constant 2021 national prices (in mil. 2021US$),173414.8906
TCA,Turks and Caicos Islands,pop,Population (in millions),0.036605
TCA,Turks and Caicos Islands,rgdpna,Real GDP at constant 2021 national prices (in mil. 2021US$),617.2366333
TCD,Chad,emp,Number of persons engaged (in millions),4.870368481
TCD,Chad,pop,Population (in millions),14.647621
TCD,Chad,rgdpna,Real GDP at constant 2021 national prices (in mil. 2021US$),37405.94531
TGO,Togo,emp,Number of persons engaged (in millions),2.837587118
TGO,Togo,pop,Population (in millions),7.663195
TGO,Togo,rgdpna,Real GDP at constant 2021 national prices (in mil. 2021US$),17704.50195
THA,Thailand,emp,Number of persons engaged (in millions),37.95299149
THA,Thailand,pop,Population (in millions),70.540795
THA,Thailand,rgdpna,Real GDP at constant 2021 national prices (in mil. 2021US$),1321854.375
TJK,Tajikistan,emp,Number of persons engaged (in millions),2.405955791
TJK,Tajikistan,pop,Population (in millions),8.64384
TJK,Tajikistan,rgdpna,Real GDP at constant 2021 national prices (in mil. 2021US$),29563.04883
TKM,Turkmenistan,emp,Number of persons engaged (in millions),3.201222181
TKM,Turkmenistan,pop,Population (in millions),6.21577
TKM,Turkmenistan,rgdpna,Real GDP at constant 2021 national prices (in mil. 2021US$),119568.9922
TTO,Trinidad and Tobago,emp,Number of persons engaged (in millions),0.623297989
TTO,Trinidad and Tobago,pop,Population (in millions),1.429188
TTO,Trinidad and Tobago,rgdpna,Real GDP at constant 2021 national prices (in mil. 2021US$),53522.9375
TUN,Tunisia,emp,Number of persons engaged (in millions),3.572920084
TUN,Tunisia,pop,Population (in millions),11.402264
TUN,Tunisia,rgdpna,Real GDP at constant 2021 national prices (in mil. 2021US$),141287.4844
TUR,Türkiye,emp,Number of persons engaged (in millions),26.62000084
TUR,Türkiye,pop,Population (in millions),80.014226
TUR,Türkiye,rgdpna,Real GDP at constant 2021 national prices (in mil. 2021US$),1999331.625
TWN,Taiwan,emp,Number of persons engaged (in millions),11.19780159
TWN,Taiwan,pop,Population (in millions),23.462914
TWN,Taiwan,rgdpna,Real GDP at constant 2021 national prices (in mil. 2021US$),1125121.75
TZA,U.R. of Tanzania: Mainland,emp,Number of persons engaged (in millions),20.34985161
TZA,U.R. of Tanzania: Mainland,pop,Population (in millions),50.579779
TZA,U.R. of Tanzania: Mainland,rgdpna,Real GDP at constant 2021 national prices (in mil. 2021US$),140427.9844
UGA,Uganda,emp,Number of persons engaged (in millions),12.81956005
UGA,Uganda,pop,Population (in millions),37.531446
UGA,Uganda,rgdpna,Real GDP at constant 2021 national prices (in mil. 2021US$),98622.09375
UKR,Ukraine,emp,Number of persons engaged (in millions),16.91358185
UKR,Ukraine,pop,Population (in millions),45.784896
UKR,Ukraine,rgdpna,Real GDP at constant 2021 national prices (in mil. 2021US$),635606.25
URY,Uruguay,emp,Number of persons engaged (in millions),1.566624641
URY,Uruguay,pop,Population (in millions),3.368017
URY,Uruguay,rgdpna,Real GDP at constant 2021 national prices (in mil. 2021US$),85209.22656
USA,United States,emp,Number of persons engaged (in millions),153.0716553
USA,United States,pop,Population (in millions),326.126497
USA,United States,rgdpna,Real GDP at constant 2021 national prices (in mil. 2021US$),20711878
UZB,Uzbekistan,emp,Number of persons engaged (in millions),12.91879654
UZB,Uzbekistan,pop,Population (in millions),30.749346
UZB,Uzbekistan,rgdpna,Real GDP at constant 2021 national prices (in mil. 2021US$),223402.4688
VCT,St. Vincent and the Grenadines,emp,Number of persons engaged (in millions),0.037816823
VCT,St. Vincent and the Grenadines,pop,Population (in millions),0.10696
VCT,St. Vincent and the Grenadines,rgdpna,Real GDP at constant 2021 national prices (in mil. 2021US$),1385.821289
VEN,Venezuela (Bolivarian Republic of),emp,Number of persons engaged (in millions),12.99403191
VEN,Venezuela (Bolivarian Republic of),pop,Population (in millions),30.573972
VEN,Venezuela (Bolivarian Republic of),rgdpna,Real GDP at constant 2021 national prices (in mil. 2021US$),16430.75781
VGB,British Virgin Islands,emp,Number of persons engaged (in millions),0.017986931
VGB,British Virgin Islands,pop,Population (in millions),0.034498
VGB,British Virgin Islands,rgdpna,Real GDP at constant 2021 national prices (in mil. 2021US$),1292.67749
VNM,Viet Nam,emp,Number of persons engaged (in millions),52.84000015
VNM,Viet Nam,pop,Population (in millions),92.823254
VNM,Viet Nam,rgdpna,Real GDP at constant 2021 national prices (in mil. 2021US$),877314.5
YEM,Yemen,emp,Number of persons engaged (in millions),5.562252998
YEM,Yemen,pop,Population (in millions),31.159379
YEM,Yemen,rgdpna,Real GDP at constant 2021 national prices (in mil. 2021US$),46091.53906
ZAF,South Africa,emp,Number of persons engaged (in millions),17.78372192
ZAF,South Africa,pop,Population (in millions),56.723537
ZAF,South Africa,rgdpna,Real GDP at constant 2021 national prices (in mil. 2021US$),764439.1875
ZMB,Zambia,emp,Number of persons engaged (in millions),4.667049408
ZMB,Zambia,pop,Population (in millions),16.399089
ZMB,Zambia,rgdpna,Real GDP at constant 2021 national prices (in mil. 2021US$),52587.50391
ZWE,Zimbabwe,emp,Number of persons engaged (in millions),5.167443275
ZWE,Zimbabwe,pop,Population (in millions),14.399013
ZWE,Zimbabwe,rgdpna,Real GDP at constant 2021 national prices (in mil. 2021US$),42852.59766