"Country","ISO.code.emp","Variable.name.emp","X2015.emp","ISO.code.pop","Variable.name.pop","X2015.pop","ISO.code.rgdpna","Variable.name.rgdpna","X2015.rgdpna"
"Aruba","ABW","Number of persons engaged (in millions)",0.046936773,"ABW","Population (in millions)",0.104184,"ABW","Real GDP at constant 2021 national prices (in mil. 2021US$)",4032.470703
"Angola","AGO","Number of persons engaged (in millions)",12.96023083,"AGO","Population (in millions)",28.157798,"AGO","Real GDP at constant 2021 national prices (in mil. 2021US$)",236550.7969
"Anguilla",NA,NA,NA,"AIA","Population (in millions)",0.01421,"AIA","Real GDP at constant 2021 national prices (in mil. 2021US$)",329.0840149
"Albania","ALB","Number of persons engaged (in millions)",0.984531224,"ALB","Population (in millions)",2.898632,"ALB","Real GDP at constant 2021 national prices (in mil. 2021US$)",35266.32813
"United Arab Emirates","ARE","Number of persons engaged (in millions)",5.79295063,"ARE","Population (in millions)",8.674633,"ARE","Real GDP at constant 2021 national prices (in mil. 2021US$)",658130.9375
"Argentina","ARG","Number of persons engaged (in millions)",19.85445023,"ARG","Population (in millions)",43.477012,"ARG","Real GDP at constant 2021 national prices (in mil. 2021US$)",1230329.125
"Armenia","ARM","Number of persons engaged (in millions)",1.071905375,"ARM","Population (in millions)",2.921177,"ARM","Real GDP at constant 2021 national prices (in mil. 2021US$)",41846.97266
"Antigua and Barbuda",NA,NA,NA,"ATG","Population (in millions)",0.089409,"ATG","Real GDP at constant 2021 national prices (in mil. 2021US$)",2432.978271
"Australia","AUS","Number of persons engaged (in millions)",12.04787827,"AUS","Population (in millions)",23.948002,"AUS","Real GDP at constant 2021 national prices (in mil. 2021US$)",1434652.875
"Austria","AUT","Number of persons engaged (in millions)",4.274085045,"AUT","Population (in millions)",8.644039,"AUT","Real GDP at constant 2021 national prices (in mil. 2021US$)",516414.1875
"Azerbaijan","AZE","Number of persons engaged (in millions)",4.741165638,"AZE","Population (in millions)",9.75285,"AZE","Real GDP at constant 2021 national prices (in mil. 2021US$)",195136.0469
"Burundi","BDI","Number of persons engaged (in millions)",4.66706562,"BDI","Population (in millions)",11.04758,"BDI","Real GDP at constant 2021 national prices (in mil. 2021US$)",10484.59863
"Belgium","BEL","Number of persons engaged (in millions)",4.607065201,"BEL","Population (in millions)",11.275335,"BEL","Real GDP at constant 2021 national prices (in mil. 2021US$)",593070.1875
"Benin","BEN","Number of persons engaged (in millions)",3.643776417,"BEN","Population (in millions)",11.360681,"BEN","Real GDP at constant 2021 national prices (in mil. 2021US$)",32044.91797
"Burkina Faso","BFA","Number of persons engaged (in millions)",6.118274689,"BFA","Population (in millions)",18.777487,"BFA","Real GDP at constant 2021 national prices (in mil. 2021US$)",36869.28125
"Bangladesh","BGD","Number of persons engaged (in millions)",59.69651031,"BGD","Population (in millions)",159.383179,"BGD","Real GDP at constant 2021 national prices (in mil. 2021US$)",824431.75
"Bulgaria","BGR","Number of persons engaged (in millions)",3.208118916,"BGR","Population (in millions)",7.177517,"BGR","Real GDP at constant 2021 national prices (in mil. 2021US$)",155443.3281
"Bahrain","BHR","Number of persons engaged (in millions)",0.731633842,"BHR","Population (in millions)",1.36965,"BHR","Real GDP at constant 2021 national prices (in mil. 2021US$)",75758.91406
"Bahamas","BHS","Number of persons engaged (in millions)",0.188289627,"BHS","Population (in millions)",0.385346,"BHS","Real GDP at constant 2021 national prices (in mil. 2021US$)",11496.54004
"Bosnia and Herzegovina","BIH","Number of persons engaged (in millions)",0.657287538,"BIH","Population (in millions)",3.518541,"BIH","Real GDP at constant 2021 national prices (in mil. 2021US$)",46440.70703
"Belarus","BLR","Number of persons engaged (in millions)",4.406383991,"BLR","Population (in millions)",9.487293,"BLR","Real GDP at constant 2021 national prices (in mil. 2021US$)",244186.7656
"Belize","BLZ","Number of persons engaged (in millions)",0.138686001,"BLZ","Population (in millions)",0.356333,"BLZ","Real GDP at constant 2021 national prices (in mil. 2021US$)",4143.162598
"Bermuda","BMU","Number of persons engaged (in millions)",0.035089858,"BMU","Population (in millions)",0.063464,"BMU","Real GDP at constant 2021 national prices (in mil. 2021US$)",3951.523926
"Bolivia (Plurinational State of)","BOL","Number of persons engaged (in millions)",5.02957201,"BOL","Population (in millions)",11.014705,"BOL","Real GDP at constant 2021 national prices (in mil. 2021US$)",98821.92969
"Brazil","BRA","Number of persons engaged (in millions)",92.44721222,"BRA","Population (in millions)",201.675532,"BRA","Real GDP at constant 2021 national prices (in mil. 2021US$)",3588124
"Barbados","BRB","Number of persons engaged (in millions)",0.128175005,"BRB","Population (in millions)",0.27899,"BRB","Real GDP at constant 2021 national prices (in mil. 2021US$)",3066.662598
"Brunei Darussalam","BRN","Number of persons engaged (in millions)",0.189473659,"BRN","Population (in millions)",0.422212,"BRN","Real GDP at constant 2021 national prices (in mil. 2021US$)",36752.64063
"Bhutan","BTN","Number of persons engaged (in millions)",0.276459873,"BTN","Population (in millions)",0.740618,"BTN","Real GDP at constant 2021 national prices (in mil. 2021US$)",9499.762695
"Botswana","BWA","Number of persons engaged (in millions)",0.891786873,"BWA","Population (in millions)",2.203273,"BWA","Real GDP at constant 2021 national prices (in mil. 2021US$)",33578.31641
"Central African Republic","CAF","Number of persons engaged (in millions)",1.580413103,"CAF","Population (in millions)",4.62932,"CAF","Real GDP at constant 2021 national prices (in mil. 2021US$)",4985.868652
"Canada","CAN","Number of persons engaged (in millions)",18.01225662,"CAN","Population (in millions)",35.962234,"CAN","Real GDP at constant 2021 national prices (in mil. 2021US$)",1894039.125
"Switzerland","CHE","Number of persons engaged (in millions)",4.847047806,"CHE","Population (in millions)",8.283934,"CHE","Real GDP at constant 2021 national prices (in mil. 2021US$)",693415.5625
"Chile","CHL","Number of persons engaged (in millions)",7.760435104,"CHL","Population (in millions)",18.047625,"CHL","Real GDP at constant 2021 national prices (in mil. 2021US$)",447298.2188
"China","CHN","Number of persons engaged (in millions)",774.4182129,"CHN","Population (in millions)",1396.134174,"CHN","Real GDP at constant 2021 national prices (in mil. 2021US$)",19995438
"Côte d'Ivoire","CIV","Number of persons engaged (in millions)",9.35782814,"CIV","Population (in millions)",25.246342,"CIV","Real GDP at constant 2021 national prices (in mil. 2021US$)",120615.6875
"Cameroon","CMR","Number of persons engaged (in millions)",8.860180855,"CMR","Population (in millions)",22.763414,"CMR","Real GDP at constant 2021 national prices (in mil. 2021US$)",106515.4297
"D.R. of the Congo","COD","Number of persons engaged (in millions)",25.95557976,"COD","Population (in millions)",81.035531,"COD","Real GDP at constant 2021 national prices (in mil. 2021US$)",80785.47656
"Congo","COG","Number of persons engaged (in millions)",1.730059505,"COG","Population (in millions)",5.097581,"COG","Real GDP at constant 2021 national prices (in mil. 2021US$)",45143.46094
"Colombia","COL","Number of persons engaged (in millions)",21.10435486,"COL","Population (in millions)",46.96994,"COL","Real GDP at constant 2021 national prices (in mil. 2021US$)",744066.3125
"Comoros","COM","Number of persons engaged (in millions)",0.184889674,"COM","Population (in millions)",0.726682,"COM","Real GDP at constant 2021 national prices (in mil. 2021US$)",2313.842041
"Cabo Verde","CPV","Number of persons engaged (in millions)",0.193183899,"CPV","Population (in millions)",0.512394,"CPV","Real GDP at constant 2021 national prices (in mil. 2021US$)",4130.661133
"Costa Rica","CRI","Number of persons engaged (in millions)",2.106851101,"CRI","Population (in millions)",4.818038,"CRI","Real GDP at constant 2021 national prices (in mil. 2021US$)",102143.0781
"Curaçao","CUW","Number of persons engaged (in millions)",0.061822999,"CUW","Population (in millions)",0.166612,"CUW","Real GDP at constant 2021 national prices (in mil. 2021US$)",4708.661133
"Cayman Islands","CYM","Number of persons engaged (in millions)",0.043185607,"CYM","Population (in millions)",0.061642,"CYM","Real GDP at constant 2021 national prices (in mil. 2021US$)",3947.585449
"Cyprus","CYP","Number of persons engaged (in millions)",0.310780406,"CYP","Population (in millions)",0.8477,"CYP","Real GDP at constant 2021 national prices (in mil. 2021US$)",23701.9668
"Czechia","CZE","Number of persons engaged (in millions)",5.210157871,"CZE","Population (in millions)",10.524416,"CZE","Real GDP at constant 2021 national prices (in mil. 2021US$)",415984.5313
"Germany","DEU","Number of persons engaged (in millions)",43.34980774,"DEU","Population (in millions)",82.07755,"DEU","Real GDP at constant 2021 national prices (in mil. 2021US$)",4727565
"Djibouti","DJI","Number of persons engaged (in millions)",0.161814079,"DJI","Population (in millions)",1.020313,"DJI","Real GDP at constant 2021 national prices (in mil. 2021US$)",5032.133789
"Dominica",NA,NA,NA,"DMA","Population (in millions)",0.07041,"DMA","Real GDP at constant 2021 national prices (in mil. 2021US$)",1049.473389
"Denmark","DNK","Number of persons engaged (in millions)",2.827409267,"DNK","Population (in millions)",5.683701,"DNK","Real GDP at constant 2021 national prices (in mil. 2021US$)",328243.5
"Dominican Republic","DOM","Number of persons engaged (in millions)",4.578388214,"DOM","Population (in millions)",10.434829,"DOM","Real GDP at constant 2021 national prices (in mil. 2021US$)",186276.5938
"Algeria","DZA","Number of persons engaged (in millions)",10.69383144,"DZA","Population (in millions)",40.019529,"DZA","Real GDP at constant 2021 national prices (in mil. 2021US$)",521210.375
"Ecuador","ECU","Number of persons engaged (in millions)",7.665237427,"ECU","Population (in millions)",16.266225,"ECU","Real GDP at constant 2021 national prices (in mil. 2021US$)",226424.8594
"Egypt","EGY","Number of persons engaged (in millions)",24.76024246,"EGY","Population (in millions)",99.597342,"EGY","Real GDP at constant 2021 national prices (in mil. 2021US$)",1386683.25
"Spain","ESP","Number of persons engaged (in millions)",18.50165558,"ESP","Population (in millions)",46.683686,"ESP","Real GDP at constant 2021 national prices (in mil. 2021US$)",1908748.5
"Estonia","EST","Number of persons engaged (in millions)",0.624189615,"EST","Population (in millions)",1.314576,"EST","Real GDP at constant 2021 national prices (in mil. 2021US$)",45237.35547
"Ethiopia","ETH","Number of persons engaged (in millions)",47.35121155,"ETH","Population (in millions)",103.867135,"ETH","Real GDP at constant 2021 national prices (in mil. 2021US$)",229277.9531
"Finland","FIN","Number of persons engaged (in millions)",2.517626524,"FIN","Population (in millions)",5.479717,"FIN","Real GDP at constant 2021 national prices (in mil. 2021US$)",268326.9063
"Fiji","FJI","Number of persons engaged (in millions)",0.321269959,"FJI","Population (in millions)",0.918578,"FJI","Real GDP at constant 2021 national prices (in mil. 2021US$)",11055.52441
"France","FRA","Number of persons engaged (in millions)",27.8431263,"FRA","Population (in millions)",67.080971,"FRA","Real GDP at constant 2021 national prices (in mil. 2021US$)",3245458.75
"Gabon","GAB","Number of persons engaged (in millions)",0.555013597,"GAB","Population (in millions)",2.040989,"GAB","Real GDP at constant 2021 national prices (in mil. 2021US$)",42854.76172
"United Kingdom","GBR","Number of persons engaged (in millions)",31.30558205,"GBR","Population (in millions)",65.38211,"GBR","Real GDP at constant 2021 national prices (in mil. 2021US$)",3169671.75
"Georgia","GEO","Number of persons engaged (in millions)",0.999209702,"GEO","Population (in millions)",3.791573,"GEO","Real GDP at constant 2021 national prices (in mil. 2021US$)",60819.74219
"Ghana","GHA","Number of persons engaged (in millions)",11.6732254,"GHA","Population (in millions)",28.696068,"GHA","Real GDP at constant 2021 national prices (in mil. 2021US$)",149486.4375
"Guinea","GIN","Number of persons engaged (in millions)",2.879272461,"GIN","Population (in millions)",11.76707,"GIN","Real GDP at constant 2021 national prices (in mil. 2021US$)",30195.31445
"Gambia","GMB","Number of persons engaged (in millions)",0.626303911,"GMB","Population (in millions)",2.224529,"GMB","Real GDP at constant 2021 national prices (in mil. 2021US$)",5464.061035
"Guinea-Bissau","GNB","Number of persons engaged (in millions)",0.482975602,"GNB","Population (in millions)",1.786457,"GNB","Real GDP at constant 2021 national prices (in mil. 2021US$)",3528.894287
"Equatorial Guinea","GNQ","Number of persons engaged (in millions)",0.456620216,"GNQ","Population (in millions)",1.453923,"GNQ","Real GDP at constant 2021 national prices (in mil. 2021US$)",48218.37891
"Greece","GRC","Number of persons engaged (in millions)",4.351242065,"GRC","Population (in millions)",10.820903,"GRC","Real GDP at constant 2021 national prices (in mil. 2021US$)",305377.6563
"Grenada","GRD","Number of persons engaged (in millions)",0.038248017,"GRD","Population (in millions)",0.114676,"GRD","Real GDP at constant 2021 national prices (in mil. 2021US$)",1593.705811
"Guatemala","GTM","Number of persons engaged (in millions)",6.216906071,"GTM","Population (in millions)",15.971743,"GTM","Real GDP at constant 2021 national prices (in mil. 2021US$)",169343.7813
"Guyana","GUY","Number of persons engaged (in millions)",0.2426835,"GUY","Population (in millions)",0.758781,"GUY","Real GDP at constant 2021 national prices (in mil. 2021US$)",8350.642578
"China, Hong Kong SAR","HKG","Number of persons engaged (in millions)",3.89204073,"HKG","Population (in millions)",7.366409,"HKG","Real GDP at constant 2021 national prices (in mil. 2021US$)",412431.625
"Honduras","HND","Number of persons engaged (in millions)",3.476282835,"HND","Population (in millions)",9.237305,"HND","Real GDP at constant 2021 national prices (in mil. 2021US$)",53745.60938
"Croatia","HRV","Number of persons engaged (in millions)",1.600935221,"HRV","Population (in millions)",4.183729,"HRV","Real GDP at constant 2021 national prices (in mil. 2021US$)",111821.3672
"Haiti","HTI","Number of persons engaged (in millions)",4.136488438,"HTI","Population (in millions)",10.523242,"HTI","Real GDP at constant 2021 national prices (in mil. 2021US$)",35982.98047
"Hungary","HUN","Number of persons engaged (in millions)",4.318235397,"HUN","Population (in millions)",9.839211,"HUN","Real GDP at constant 2021 national prices (in mil. 2021US$)",273377.8438
"Indonesia","IDN","Number of persons engaged (in millions)",117.8330002,"IDN","Population (in millions)",261.799249,"IDN","Real GDP at constant 2021 national prices (in mil. 2021US$)",2774776.5
"India","IND","Number of persons engaged (in millions)",482.700531,"IND","Population (in millions)",1328.024498,"IND","Real GDP at constant 2021 national prices (in mil. 2021US$)",8789849
"Ireland","IRL","Number of persons engaged (in millions)",2.05508256,"IRL","Population (in millions)",4.702487,"IRL","Real GDP at constant 2021 national prices (in mil. 2021US$)",437829.5938
"Iran (Islamic Republic of)","IRN","Number of persons engaged (in millions)",24.70682526,"IRN","Population (in millions)",82.619362,"IRN","Real GDP at constant 2021 national prices (in mil. 2021US$)",1119093.625
"Iraq","IRQ","Number of persons engaged (in millions)",9.309058189,"IRQ","Population (in millions)",37.560535,"IRQ","Real GDP at constant 2021 national prices (in mil. 2021US$)",540748.25
"Iceland","ISL","Number of persons engaged (in millions)",0.184117228,"ISL","Population (in millions)",0.330952,"ISL","Real GDP at constant 2021 national prices (in mil. 2021US$)",18130.00586
"Israel","ISR","Number of persons engaged (in millions)",3.938034773,"ISR","Population (in millions)",8.052908,"ISR","Real GDP at constant 2021 national prices (in mil. 2021US$)",293437.0938
"Italy","ITA","Number of persons engaged (in millions)",24.43251419,"ITA","Population (in millions)",60.575316,"ITA","Real GDP at constant 2021 national prices (in mil. 2021US$)",2756113.75
"Jamaica","JAM","Number of persons engaged (in millions)",1.138774991,"JAM","Population (in millions)",2.802534,"JAM","Real GDP at constant 2021 national prices (in mil. 2021US$)",26484.30469
"Jordan","JOR","Number of persons engaged (in millions)",2.045181513,"JOR","Population (in millions)",9.544729,"JOR","Real GDP at constant 2021 national prices (in mil. 2021US$)",97496.28906
"Japan","JPN","Number of persons engaged (in millions)",64.16387939,"JPN","Population (in millions)",127.275872,"JPN","Real GDP at constant 2021 national prices (in mil. 2021US$)",5329660
"Kazakhstan","KAZ","Number of persons engaged (in millions)",8.621945381,"KAZ","Population (in millions)",18.084169,"KAZ","Real GDP at constant 2021 national prices (in mil. 2021US$)",527771.875
"Kenya","KEN","Number of persons engaged (in millions)",18.12006569,"KEN","Population (in millions)",47.088526,"KEN","Real GDP at constant 2021 national prices (in mil. 2021US$)",220755.6094
"Kyrgyzstan","KGZ","Number of persons engaged (in millions)",2.549462795,"KGZ","Population (in millions)",6.001882,"KGZ","Real GDP at constant 2021 national prices (in mil. 2021US$)",38599.58984
"Cambodia","KHM","Number of persons engaged (in millions)",7.709066391,"KHM","Population (in millions)",15.623251,"KHM","Real GDP at constant 2021 national prices (in mil. 2021US$)",74879.35156
"Saint Kitts and Nevis",NA,NA,NA,"KNA","Population (in millions)",0.047087,"KNA","Real GDP at constant 2021 national prices (in mil. 2021US$)",1133.114746
"Republic of Korea","KOR","Number of persons engaged (in millions)",26.24760056,"KOR","Population (in millions)",50.983912,"KOR","Real GDP at constant 2021 national prices (in mil. 2021US$)",2389292.25
"Kuwait","KWT","Number of persons engaged (in millions)",2.212445259,"KWT","Population (in millions)",3.834454,"KWT","Real GDP at constant 2021 national prices (in mil. 2021US$)",255131.5781
"Lao People's DR","LAO","Number of persons engaged (in millions)",3.334959745,"LAO","Population (in millions)",6.801645,"LAO","Real GDP at constant 2021 national prices (in mil. 2021US$)",42144.88672
"Lebanon","LBN","Number of persons engaged (in millions)",2.314346552,"LBN","Population (in millions)",6.472469,"LBN","Real GDP at constant 2021 national prices (in mil. 2021US$)",103250.6172
"Liberia","LBR","Number of persons engaged (in millions)",0.980292141,"LBR","Population (in millions)",4.659431,"LBR","Real GDP at constant 2021 national prices (in mil. 2021US$)",8659.53418
"Saint Lucia","LCA","Number of persons engaged (in millions)",0.077152275,"LCA","Population (in millions)",0.174905,"LCA","Real GDP at constant 2021 national prices (in mil. 2021US$)",3666.246826
"Sri Lanka","LKA","Number of persons engaged (in millions)",7.831000805,"LKA","Population (in millions)",21.729971,"LKA","Real GDP at constant 2021 national prices (in mil. 2021US$)",284900.9688
"Lesotho","LSO","Number of persons engaged (in millions)",0.463053167,"LSO","Population (in millions)",2.104611,"LSO","Real GDP at constant 2021 national prices (in mil. 2021US$)",5641.001465
"Lithuania","LTU","Number of persons engaged (in millions)",1.382862568,"LTU","Population (in millions)",2.905764,"LTU","Real GDP at constant 2021 national prices (in mil. 2021US$)",92756.57813
"Luxembourg","LUX","Number of persons engaged (in millions)",0.405037999,"LUX","Population (in millions)",0.569536,"LUX","Real GDP at constant 2021 national prices (in mil. 2021US$)",55225.03906
"Latvia","LVA","Number of persons engaged (in millions)",0.890718937,"LVA","Population (in millions)",1.977867,"LVA","Real GDP at constant 2021 national prices (in mil. 2021US$)",54718.07813
"China, Macao SAR","MAC","Number of persons engaged (in millions)",0.396699995,"MAC","Population (in millions)",0.622179,"MAC","Real GDP at constant 2021 national prices (in mil. 2021US$)",45273.25
"Morocco","MAR","Number of persons engaged (in millions)",11.21736526,"MAR","Population (in millions)",34.607588,"MAR","Real GDP at constant 2021 national prices (in mil. 2021US$)",289891
"Republic of Moldova","MDA","Number of persons engaged (in millions)",1.093583822,"MDA","Population (in millions)",3.287164,"MDA","Real GDP at constant 2021 national prices (in mil. 2021US$)",37330.57422
"Madagascar","MDG","Number of persons engaged (in millions)",13.31743431,"MDG","Population (in millions)",25.426702,"MDG","Real GDP at constant 2021 national prices (in mil. 2021US$)",41574.52734
"Maldives","MDV","Number of persons engaged (in millions)",0.217153355,"MDV","Population (in millions)",0.428154,"MDV","Real GDP at constant 2021 national prices (in mil. 2021US$)",8266.067383
"Mexico","MEX","Number of persons engaged (in millions)",50.61133194,"MEX","Population (in millions)",121.072306,"MEX","Real GDP at constant 2021 national prices (in mil. 2021US$)",2452705.25
"North Macedonia","MKD","Number of persons engaged (in millions)",0.807925224,"MKD","Population (in millions)",1.980366,"MKD","Real GDP at constant 2021 national prices (in mil. 2021US$)",35776.61719
"Mali","MLI","Number of persons engaged (in millions)",5.823878765,"MLI","Population (in millions)",18.593022,"MLI","Real GDP at constant 2021 national prices (in mil. 2021US$)",37193.99219
"Malta","MLT","Number of persons engaged (in millions)",0.203295112,"MLT","Population (in millions)",0.444981,"MLT","Real GDP at constant 2021 national prices (in mil. 2021US$)",16858.53711
"Myanmar","MMR","Number of persons engaged (in millions)",21.70029831,"MMR","Population (in millions)",51.089056,"MMR","Real GDP at constant 2021 national prices (in mil. 2021US$)",354552.875
"Montenegro","MNE","Number of persons engaged (in millions)",0.221700996,"MNE","Population (in millions)",0.628145,"MNE","Real GDP at constant 2021 national prices (in mil. 2021US$)",13125.62988
"Mongolia","MNG","Number of persons engaged (in millions)",1.25723362,"MNG","Population (in millions)",2.976526,"MNG","Real GDP at constant 2021 national prices (in mil. 2021US$)",36839.45703
"Mozambique","MOZ","Number of persons engaged (in millions)",9.804249763,"MOZ","Population (in millions)",26.547572,"MOZ","Real GDP at constant 2021 national prices (in mil. 2021US$)",40354.25
"Mauritania","MRT","Number of persons engaged (in millions)",0.843937814,"MRT","Population (in millions)",3.965959,"MRT","Real GDP at constant 2021 national prices (in mil. 2021US$)",22218.19727
"Montserrat","MSR","Number of persons engaged (in millions)",0.002461514,"MSR","Population (in millions)",0.004673,"MSR","Real GDP at constant 2021 national prices (in mil. 2021US$)",81.42712402
"Mauritius","MUS","Number of persons engaged (in millions)",0.557336748,"MUS","Population (in millions)",1.292275,"MUS","Real GDP at constant 2021 national prices (in mil. 2021US$)",29296.11914
"Malawi","MWI","Number of persons engaged (in millions)",5.301486969,"MWI","Population (in millions)",17.085587,"MWI","Real GDP at constant 2021 national prices (in mil. 2021US$)",26387.69531
"Malaysia","MYS","Number of persons engaged (in millions)",14.06599903,"MYS","Population (in millions)",31.232798,"MYS","Real GDP at constant 2021 national prices (in mil. 2021US$)",796288.5625
"Namibia","NAM","Number of persons engaged (in millions)",0.692322016,"NAM","Population (in millions)",2.3743,"NAM","Real GDP at constant 2021 national prices (in mil. 2021US$)",27835.2168
"Niger","NER","Number of persons engaged (in millions)",7.781834126,"NER","Population (in millions)",19.939498,"NER","Real GDP at constant 2021 national prices (in mil. 2021US$)",28445.16211
"Nigeria","NGA","Number of persons engaged (in millions)",63.41210938,"NGA","Population (in millions)",190.671878,"NGA","Real GDP at constant 2021 national prices (in mil. 2021US$)",1059168.75
"Nicaragua","NIC","Number of persons engaged (in millions)",2.549608231,"NIC","Population (in millions)",6.149417,"NIC","Real GDP at constant 2021 national prices (in mil. 2021US$)",41820.84766
"Netherlands","NLD","Number of persons engaged (in millions)",8.86274147,"NLD","Population (in millions)",17.107433,"NLD","Real GDP at constant 2021 national prices (in mil. 2021US$)",1068009.125
"Norway","NOR","Number of persons engaged (in millions)",2.709238529,"NOR","Population (in millions)",5.189771,"NOR","Real GDP at constant 2021 national prices (in mil. 2021US$)",487277.4688
"Nepal","NPL","Number of persons engaged (in millions)",13.60133839,"NPL","Population (in millions)",27.823629,"NPL","Real GDP at constant 2021 national prices (in mil. 2021US$)",110057.875
"New Zealand","NZL","Number of persons engaged (in millions)",2.341098547,"NZL","Population (in millions)",4.614029,"NZL","Real GDP at constant 2021 national prices (in mil. 2021US$)",193688.4531
"Oman","OMN","Number of persons engaged (in millions)",2.815899611,"OMN","Population (in millions)",4.184895,"OMN","Real GDP at constant 2021 national prices (in mil. 2021US$)",192342.5
"Pakistan","PAK","Number of persons engaged (in millions)",57.41999817,"PAK","Population (in millions)",217.290883,"PAK","Real GDP at constant 2021 national prices (in mil. 2021US$)",1035536.125
"Panama","PAN","Number of persons engaged (in millions)",1.733528972,"PAN","Population (in millions)",3.960035,"PAN","Real GDP at constant 2021 national prices (in mil. 2021US$)",119230.9688
"Peru","PER","Number of persons engaged (in millions)",15.88775158,"PER","Population (in millions)",30.4576,"PER","Real GDP at constant 2021 national prices (in mil. 2021US$)",418174.9688
"Philippines","PHL","Number of persons engaged (in millions)",38.74100113,"PHL","Population (in millions)",105.312992,"PHL","Real GDP at constant 2021 national prices (in mil. 2021US$)",825329.6875
"Poland","POL","Number of persons engaged (in millions)",16.05239868,"POL","Population (in millions)",38.266314,"POL","Real GDP at constant 2021 national prices (in mil. 2021US$)",1156210.875
"Portugal","PRT","Number of persons engaged (in millions)",4.613646984,"PRT","Population (in millions)",10.370267,"PRT","Real GDP at constant 2021 national prices (in mil. 2021US$)",321687.5313
"Paraguay","PRY","Number of persons engaged (in millions)",2.507823467,"PRY","Population (in millions)",6.159103,"PRY","Real GDP at constant 2021 national prices (in mil. 2021US$)",85642.41406
"State of Palestine","PSE","Number of persons engaged (in millions)",0.908801317,"PSE","Population (in millions)",4.521565,"PSE","Real GDP at constant 2021 national prices (in mil. 2021US$)",35038.28125
"Qatar","QAT","Number of persons engaged (in millions)",1.939715743,"QAT","Population (in millions)",2.427331,"QAT","Real GDP at constant 2021 national prices (in mil. 2021US$)",322996.0313
"Romania","ROU","Number of persons engaged (in millions)",8.535386086,"ROU","Population (in millions)",19.871019,"ROU","Real GDP at constant 2021 national prices (in mil. 2021US$)",499734.2813
"Russian Federation","RUS","Number of persons engaged (in millions)",71.77928925,"RUS","Population (in millions)",145.307616,"RUS","Real GDP at constant 2021 national prices (in mil. 2021US$)",4986515.5
"Rwanda","RWA","Number of persons engaged (in millions)",4.457114697,"RWA","Population (in millions)",11.640022,"RWA","Real GDP at constant 2021 national prices (in mil. 2021US$)",26525.7168
"Saudi Arabia","SAU","Number of persons engaged (in millions)",11.07775402,"SAU","Population (in millions)",29.974938,"SAU","Real GDP at constant 2021 national prices (in mil. 2021US$)",1723534.625
"Sudan","SDN","Number of persons engaged (in millions)",9.053249359,"SDN","Population (in millions)",40.024431,"SDN","Real GDP at constant 2021 national prices (in mil. 2021US$)",139543.1563
"Senegal","SEN","Number of persons engaged (in millions)",5.364370346,"SEN","Population (in millions)",14.593331,"SEN","Real GDP at constant 2021 national prices (in mil. 2021US$)",49994.82031
"Singapore","SGP","Number of persons engaged (in millions)",3.65549016,"SGP","Population (in millions)",5.52534,"SGP","Real GDP at constant 2021 national prices (in mil. 2021US$)",485530.5938
"Sierra Leone","SLE","Number of persons engaged (in millions)",2.497452259,"SLE","Population (in millions)",7.037655,"SLE","Real GDP at constant 2021 national prices (in mil. 2021US$)",12388.41016
"El Salvador","SLV","Number of persons engaged (in millions)",2.755528927,"SLV","Population (in millions)",6.183676,"SLV","Real GDP at constant 2021 national prices (in mil. 2021US$)",59321.46484
"Somalia","SOM","Number of persons engaged (in millions)",2.016513824,"SOM","Population (in millions)",13.806963,"SOM","Real GDP at constant 2021 national prices (in mil. 2021US$)",17638.95117
"Serbia","SRB","Number of persons engaged (in millions)",2.579560995,"SRB","Population (in millions)",7.177253,"SRB","Real GDP at constant 2021 national prices (in mil. 2021US$)",115374.8125
"South Sudan","SSD","Number of persons engaged (in millions)",3.436649323,"SSD","Population (in millions)",11.107561,"SSD","Real GDP at constant 2021 national prices (in mil. 2021US$)",10871.70898
"Sao Tome and Principe","STP","Number of persons engaged (in millions)",0.05951985,"STP","Population (in millions)",0.200291,"STP","Real GDP at constant 2021 national prices (in mil. 2021US$)",1194.516113
"Suriname","SUR","Number of persons engaged (in millions)",0.208314881,"SUR","Population (in millions)",0.581627,"SUR","Real GDP at constant 2021 national prices (in mil. 2021US$)",11879.99219
"Slovakia","SVK","Number of persons engaged (in millions)",2.281244755,"SVK","Population (in millions)",5.420278,"SVK","Real GDP at constant 2021 national prices (in mil. 2021US$)",152040.625
"Slovenia","SVN","Number of persons engaged (in millions)",0.935901582,"SVN","Population (in millions)",2.059947,"SVN","Real GDP at constant 2021 national prices (in mil. 2021US$)",70071.14063
"Sweden","SWE","Number of persons engaged (in millions)",4.879299164,"SWE","Population (in millions)",9.799481,"SWE","Real GDP at constant 2021 national prices (in mil. 2021US$)",553360.75
"Eswatini","SWZ","Number of persons engaged (in millions)",0.287059307,"SWZ","Population (in millions)",1.142813,"SWZ","Real GDP at constant 2021 national prices (in mil. 2021US$)",9691.924805
"Sint Maarten (Dutch part)",NA,NA,NA,"SXM","Population (in millions)",0.037471,"SXM","Real GDP at constant 2021 national prices (in mil. 2021US$)",1993.426025
"Seychelles","SYC","Number of persons engaged (in millions)",0.049834073,"SYC","Population (in millions)",0.10723,"SYC","Real GDP at constant 2021 national prices (in mil. 2021US$)",1919.689697
"Syrian Arab Republic","SYR","Number of persons engaged (in millions)",3.944432497,"SYR","Population (in millions)",19.424618,"SYR","Real GDP at constant 2021 national prices (in mil. 2021US$)",173414.8906
"Turks and Caicos Islands",NA,NA,NA,"TCA","Population (in millions)",0.036605,"TCA","Real GDP at constant 2021 national prices (in mil. 2021US$)",617.2366333
"Chad","TCD","Number of persons engaged (in millions)",4.870368481,"TCD","Population (in millions)",14.647621,"TCD","Real GDP at constant 2021 national prices (in mil. 2021US$)",37405.94531
"Togo","TGO","Number of persons engaged (in millions)",2.837587118,"TGO","Population (in millions)",7.663195,"TGO","Real GDP at constant 2021 national prices (in mil. 2021US$)",17704.50195
"Thailand","THA","Number of persons engaged (in millions)",37.95299149,"THA","Population (in millions)",70.540795,"THA","Real GDP at constant 2021 national prices (in mil. 2021US$)",1321854.375
"Tajikistan","TJK","Number of persons engaged (in millions)",2.405955791,"TJK","Population (in millions)",8.64384,"TJK","Real GDP at constant 2021 national prices (in mil. 2021US$)",29563.04883
"Turkmenistan","TKM","Number of persons engaged (in millions)",3.201222181,"TKM","Population (in millions)",6.21577,"TKM","Real GDP at constant 2021 national prices (in mil. 2021US$)",119568.9922
"Trinidad and Tobago","TTO","Number of persons engaged (in millions)",0.623297989,"TTO","Population (in millions)",1.429188,"TTO","Real GDP at constant 2021 national prices (in mil. 2021US$)",53522.9375
"Tunisia","TUN","Number of persons engaged (in millions)",3.572920084,"TUN","Population (in millions)",11.402264,"TUN","Real GDP at constant 2021 national prices (in mil. 2021US$)",141287.4844
"Türkiye","TUR","Number of persons engaged (in millions)",26.62000084,"TUR","Population (in millions)",80.014226,"TUR","Real GDP at constant 2021 national prices (in mil. 2021US$)",1999331.625
"Taiwan","TWN","Number of persons engaged (in millions)",11.19780159,"TWN","Population (in millions)",23.462914,"TWN","Real GDP at constant 2021 national prices (in mil. 2021US$)",1125121.75
"U.R. of Tanzania: Mainland","TZA","Number of persons engaged (in millions)",20.34985161,"TZA","Population (in millions)",50.579779,"TZA","Real GDP at constant 2021 national prices (in mil. 2021US$)",140427.9844
"Uganda","UGA","Number of persons engaged (in millions)",12.81956005,"UGA","Population (in millions)",37.531446,"UGA","Real GDP at constant 2021 national prices (in mil. 2021US$)",98622.09375
"Ukraine","UKR","Number of persons engaged (in millions)",16.91358185,"UKR","Population (in millions)",45.784896,"UKR","Real GDP at constant 2021 national prices (in mil. 2021US$)",635606.25
"Uruguay","URY","Number of persons engaged (in millions)",1.566624641,"URY","Population (in millions)",3.368017,"URY","Real GDP at constant 2021 national prices (in mil. 2021US$)",85209.22656
"United States","USA","Number of persons engaged (in millions)",153.0716553,"USA","Population (in millions)",326.126497,"USA","Real GDP at constant 2021 national prices (in mil. 2021US$)",20711878
"Uzbekistan","UZB","Number of persons engaged (in millions)",12.91879654,"UZB","Population (in millions)",30.749346,"UZB","Real GDP at constant 2021 national prices (in mil. 2021US$)",223402.4688
"St. Vincent and the Grenadines","VCT","Number of persons engaged (in millions)",0.037816823,"VCT","Population (in millions)",0.10696,"VCT","Real GDP at constant 2021 national prices (in mil. 2021US$)",1385.821289
"Venezuela (Bolivarian Republic of)","VEN","Number of persons engaged (in millions)",12.99403191,"VEN","Population (in millions)",30.573972,"VEN","Real GDP at constant 2021 national prices (in mil. 2021US$)",16430.75781
"British Virgin Islands","VGB","Number of persons engaged (in millions)",0.017986931,"VGB","Population (in millions)",0.034498,"VGB","Real GDP at constant 2021 national prices (in mil. 2021US$)",1292.67749
"Viet Nam","VNM","Number of persons engaged (in millions)",52.84000015,"VNM","Population (in millions)",92.823254,"VNM","Real GDP at constant 2021 national prices (in mil. 2021US$)",877314.5
"Yemen","YEM","Number of persons engaged (in millions)",5.562252998,"YEM","Population (in millions)",31.159379,"YEM","Real GDP at constant 2021 national prices (in mil. 2021US$)",46091.53906
"South Africa","ZAF","Number of persons engaged (in millions)",17.78372192,"ZAF","Population (in millions)",56.723537,"ZAF","Real GDP at constant 2021 national prices (in mil. 2021US$)",764439.1875
"Zambia","ZMB","Number of persons engaged (in millions)",4.667049408,"ZMB","Population (in millions)",16.399089,"ZMB","Real GDP at constant 2021 national prices (in mil. 2021US$)",52587.50391
"Zimbabwe","ZWE","Number of persons engaged (in millions)",5.167443275,"ZWE","Population (in millions)",14.399013,"ZWE","Real GDP at constant 2021 national prices (in mil. 2021US$)",42852.59766
